question,category
"How do I keep my litter box from smelling?","Odor Control"
"Does activated carbon work for cat litter?","Science"
"How often should I change cat litter?","Maintenance"
"Why does my house smell like cat pee?","Problems"
"Is clumping or non-clumping better for odor?","Comparison"
"Where is the best place to put a litter box in an apartment?","Placement"
"How do I get rid of cat odor in a small space?","Apartment Living"
"Is baking soda safe for cat litter?","Safety"
"Why does cat litter smell worse in summer?","Seasonal"
"Can I use essential oils in cat litter?","Safety"
